X,Time Baseline1,Fuel Baseline1,Time Random Walk,Fuel random Walk,,,,,,,,,,,
1,14.94671466,-24.76575117,39.92921625,95.15997115,,,,,,,,,,,
2,27.05501618,-41.764493,23.85291358,86.21670053,,,,,,,,,,,
3,28.86133944,-31.42953821,52.13780598,98.25999797,,,,,,,,,,,
4,4.483837331,-9.083158386,100,100,,,,,,,,,,,
5,4.255665538,0,100,100,,,,,,,,,,,