X,Time Baseline1,Fuel Baseline1,Time Random Walk,Fuel Random Walk,,,,,
1,33.05104917,-10.59512994,67.9964062,99.27608679,,,,,
2,32.42329064,-23.90603069,56.33174741,98.37232074,,,,,
3,35.78342257,-15.67444535,44.46230211,93.5219012,,,,,
4,19.55494985,-42.98968867,54.65375171,96.26854592,,,,,
5,44.07538119,-9.578091169,53.48179745,94.70854234,,,,,
6,32.9300789,-21.95282607,46.21469195,92.01424344,,,,,