edges,approx,baseline
500,0.996070099,5.429771066
1000,3.456288004,24.97215958
1500,14.59890366,135.4977749
2000,32.98662992,145.688223