ships,approx,baseline
2,0.678826857,3.644831371
3,1.778057981,7.355556321
4,2.411403871,14.91430631
6,4.784074426,41.91305301
9,5.698247504,53.35509932