X,Time Baseline-1,Fuel Baseline-1,Time Random Walk,Fuel random Walk
1,35.4271017,8.3931231,0.6981027,95.9553414
2,46.7208424,-19.0568845,38.7285034,98.0074376
3,49.5073125,-23.3274557,35.5288728,97.5071805
4,54.7091543,-42.9810502,-28.0907356,82.3627924
5,59.1183996,-72.4121889,-7.2889323,75.3206756