X,Time Baseline1,Fuel Baseline1,Time Random Walk,Fuel Random Walk,,,
1,51.40168302,-16.54553589,71.11927672,98.90221798,,,
2,38.83320901,-54.94357859,80.70747823,99.80238145,,,
3,36.32168365,-75.1660762,71.19525464,99.48974362,,,
4,39.66406435,-59.40151521,61.17600298,99.40575866,,,