X,Time Baseline-1,Fuel Baseline-1
1,63.7419872,-6.25
2,42.1992146,-68.1185291
3,48.5257371,-53.9563552
4,42.8666224,-68.0325149