speed,approx,baseline
5,5.300680876,30.29423401
6,4.790527225,49.09446836
7,6.541781902,33.68834009
8,4.806445646,29.9218719
9,5.060592651,35.88869467
10,3.996825838,35.79009161