X,Time Baseline-1,Fuel Baseline-1,Time Random Walk,Fuel Random Walk
1,58.2842915,-59.5518334,30.1911497,83.4651314
2,63.6196319,-48.4294479,57.9956219,97.5934297
3,69.9366197,-31.9577465,57.9858662,98.8831712
4,59.1250739,-90.8115869,34.8972345,98.7453969