X,Time Baseline-1,Fuel Baseline-1
1,-36.7890995,-137.1251434
2,39.4148021,-57.1428571
3,54.1623692,-35.6564019
4,62.9684352,-29.4425789