X,Time Baseline1,Fuel Baseline1,Time Random Walk,Fuel Random Walk,,,,,,,,
1,57.29663266,-5.999926031,43.05162835,97.83407306,,,,,,,,
2,33.16520372,-75.37463221,48.28063145,99.17996646,,,,,,,,
3,54.49239366,-8.785959024,66.29587238,99.0281012,,,,,,,,
4,45.13120798,-29.59607886,30.45311172,97.47910286,,,,,,,,
5,49.07408048,-28.22502755,47.08437626,97.79313409,,,,,,,,