X,Time Baseline1,Fuel Baseline1,Time Random Walk,Fuel Random Walk,,,,,,,
1,43.5720778,-23.91411348,56.61245395,93.60344034,,,,,,,
2,34.32228317,-38.84091958,43.86355915,93.83552824,,,,,,,
3,23.84929271,-48.71752233,54.79227508,97.8797928,,,,,,,
4,36.98122066,-21.19059841,58.65021907,98.22901386,,,,,,,
5,38.40982633,-8.463963012,68.18231712,99.42890275,,,,,,,