X,Time Baseline-1,Fuel Baseline-1,Time Random Walk,Fuel Random Walk
1,47.4172465,-68.1425258,-57.8780381,71.881966
2,58.7715931,-40.2015355,-15.4580171,71.9717992
3,53.8045646,-67.4400315,-2.3212177,79.0699651
4,55.7242053,-48.6011905,11.2550266,89.7207962
5,56.3846154,-54.2354345,13.104955,72.5341361
6,54.1104611,-36.5233427,3.5378417,71.8729183