X,Time Baseline-1,Fuel Baseline-1
1,34.5334174,-34.92220135
2,16.97913916,-63.71634656
3,38.50907455,-8.032484523
4,34.96939736,-29.37366887