freq,approx,baseline-1
1,2.314717364,11.51133559
3,1.059438157,10.88853567
5,1.31230669,10.15564892
7,1.257677674,9.578637314