X,Time Baseline-1,Fuel Baseline-1 ,Time Random Walk,Fuel Random Walk
1,64.2459827,-41.934487,41.4038721,63.915516
2,64.3271222,-33.2298137,36.0098142,85.3554717
3,57.3452136,-32.6936258,-30.1559208,78.8491777
4,64.749082,-27.1453828,14.0593072,94.725507
5,62.7168234,-39.4914664,-11.9633885,90.0035114