epoch,approx,baseline
5,1.396848321,9.549091125
10,1.431210971,12.33945403
15,1.86543138,15.13095014
20,2.182707644,28.39534504