X,Time Baseline-1,Fuel Baseline-1,Time Random Walk,Fuel Random Walk
1,69.1455091,-64.8048047,-5.6564472,92.1737573
2,63.2447296,-70.4293873,11.8651578,95.8606405
3,62.0302151,-88.0032745,-9.2723617,87.2924293
4,54.7797078,-96.8365351,5.3789526,88.6590546
5,59.1939547,-81.9212274,33.7259001,97.1609797