x,time1,time2,fuel1,fuel2,train 1,train 2
0.5,56.78888889,66.65833333,17629.30773,19357.61295,78.693187,1182.758313