X,Time Baseline2,Fuel Baseline1,,,
1,-74.73376488,-148.7347453,,,
2,30.33743803,-37.87996903,,,
3,32.54930607,-22.00141417,,,
4,40.76608592,-0.202176785,,,