X,Time Actual, +-,Time Transfer, +-,Fuel Actual, +-,Fuel Transfer, +-
1,521.6666667,65.2830908,529.75,12.38530716,231902.7424,37819.50275,236459.0627,30397.52766
2,507,20.82216367,545.5833333,51.5641456,329438.4569,34628.87493,305679.5945,20755.602