degree,approx,baseline
6,48.39241288,154.8631723
7,23.77950478,120.8840924
8,25.45196347,121.653816
9,12.97191222,59.04548111
10,10.6207262,63.19503334