nodes,approx,baseline
100,0.297527623,1.428701878
200,0.832665086,5.874552393
400,2.85767796,28.59256642
800,11.88457627,134.7681283
1000,18.42028694,147.6164361